State,City
Tamil Nadu,Thiruvallur
Tamil Nadu,Kanchipuram
Himachal Pradesh,Kangra
Tamil Nadu,Salem
Gujarat,Ahmadabad
Uttar Pradesh,Gautam Buddha Nagar
Tamil Nadu,Ramanathapuram
Andhra Pradesh,Chittoor
Tamil Nadu,Virudhunagar
Punjab,S.A.S Nagar
Rajasthan,Udaipur
Uttarakhand,Haridwar
West Bengal,Purba Bardhaman
Maharashtra,Palghar
Madhya Pradesh,Bhopal
Gujarat,Rajkot
Tamil Nadu,Thiruvallur
Tamil Nadu,Coimbatore
Maharashtra,Mumbai
Haryana,Mahendragarh
Andhra Pradesh,Guntur
Tamil Nadu,Thiruvallur
Tamil Nadu,Kanchipuram
Gujarat,Vadodara
Punjab,Patiala
Odisha,Sambalpur
Tamil Nadu,Kanchipuram
Telangana,Sangareddy
Tamil Nadu,Kanchipuram
Tamil Nadu,Karur
Punjab,Kapurthala
Maharashtra,Buldhana
Andhra Pradesh,Guntur
Tamil Nadu,Namakkal
Tamil Nadu,Kanchipuram
Maharashtra,Nanded
Andhra Pradesh,Visakhapatanam
Tamil Nadu,Coimbatore
Tamil Nadu,Coimbatore
Tamil Nadu,CHENGALPATTU
Tamil Nadu,Coimbatore
Andhra Pradesh,Visakhapatanam
Gujarat,Ahmadabad
Tamil Nadu,Coimbatore
Gujarat,Vadodara
Maharashtra,Kolhapur
Odisha,Khordha
Punjab,S.A.S Nagar
Tamil Nadu,Coimbatore
Tamil Nadu,Thiruvallur
Maharashtra,Nashik
Andhra Pradesh,Guntur
Uttar Pradesh,Varanasi
Tamil Nadu,Erode
Kerala,Kottayam
Tamil Nadu,Coimbatore
Tamil Nadu,Coimbatore
Tamil Nadu,Ramanathapuram
Maharashtra,Dhule
Tamil Nadu,Coimbatore
Tamil Nadu,Coimbatore
Maharashtra,Pune
Tamil Nadu,Coimbatore
Tamil Nadu,Vellore
Haryana,Gurugram
Maharashtra,Nagpur
Gujarat,Ahmadabad
Tamil Nadu,Kanchipuram
Uttar Pradesh,Ghaziabad
Tamil Nadu,Coimbatore
Tamil Nadu,Virudhunagar
Tamil Nadu,Kanchipuram
Tamil Nadu,Kanchipuram
Tamil Nadu,Virudhunagar
Gujarat,Ahmadabad
Tamil Nadu,Coimbatore
Tamil Nadu,Virudhunagar
Maharashtra,Mumbai
Tamil Nadu,Thiruvallur
Maharashtra,Nashik
Madhya Pradesh,Indore
Gujarat,Gandhinagar
Tamil Nadu,Coimbatore
Andhra Pradesh,Krishna
Gujarat,Ahmadabad
Andhra Pradesh,West Godavari
Maharashtra,Nashik
Tamil Nadu,Tiruchirappalli
Maharashtra,Nashik
Tamil Nadu,Tiruchirappalli
Tamil Nadu,Coimbatore
Tamil Nadu,Thiruvallur
Tamil Nadu,Thiruvallur
Karnataka,Bengaluru Urban
Tamil Nadu,Coimbatore
Tamil Nadu,Tiruchirappalli
Maharashtra,Mumbai
Tamil Nadu,Coimbatore
Tamil Nadu,Thiruvallur
Punjab,S.A.S Nagar
Haryana,Sonipat
Delhi,East
Odisha,Ganjam
Gujarat,Gandhinagar
Madhya Pradesh,Indore
Madhya Pradesh,Bhopal
Maharashtra,Mumbai
Tamil Nadu,Thiruvallur
Maharashtra,Mumbai Suburban
Telangana,Rangareddi
Madhya Pradesh,Indore
Punjab,Patiala
Karnataka,Mysuru
Tamil Nadu,Coimbatore
Tamil Nadu,Kanchipuram
Tamil Nadu,Tiruchirappalli
Tamil Nadu,Erode
Maharashtra,Pune
Tamil Nadu,Tiruchirappalli
Tamil Nadu,Thiruvallur
Tamil Nadu,Salem
Maharashtra,Pune
Telangana,Warangal Rural
Maharashtra,Pune
West Bengal,24 Paraganas North
Tamil Nadu,Karur
Tamil Nadu,Coimbatore
Tamil Nadu,Namakkal
Tripura,West Tripura
Puducherry,Pondicherry
Tamil Nadu,Coimbatore
Tamil Nadu,Erode
Telangana,Rangareddi
Delhi,North West
Maharashtra,Nashik
Punjab,Kapurthala
West Bengal,24 Paraganas South
Tamil Nadu,Coimbatore
Tamil Nadu,Vellore
West Bengal,Kolkata
West Bengal,Purba Bardhaman
Maharashtra,Aurangabad
Delhi,North West
Maharashtra,Dhule
Maharashtra,Mumbai
Uttar Pradesh,Amethi
Tamil Nadu,Thiruvallur
West Bengal,Kolkata
Delhi,North West
Maharashtra,Pune
Maharashtra,Mumbai
Tamil Nadu,Thiruvallur
Gujarat,Ahmadabad
Puducherry,Karaikal
Karnataka,Bengaluru Urban
Tamil Nadu,Coimbatore
Madhya Pradesh,Indore
Tamil Nadu,Coimbatore
Haryana,Gurugram
Tamil Nadu,Kanchipuram
Jammu and Kashmir,Samba
Maharashtra,Mumbai
Maharashtra,Mumbai
Delhi,West
Tamil Nadu,Coimbatore
Tamil Nadu,Dindigul
Tamil Nadu,Tiruchirappalli
Madhya Pradesh,Sehore
Maharashtra,Pune
Bihar,Muzaffarpur
West Bengal,Medinipur West
Bihar,Patna
Puducherry,Pondicherry
Andhra Pradesh,Krishna
Maharashtra,Mumbai Suburban
Maharashtra,Mumbai Suburban
Delhi,Central
Karnataka,Mysuru
Andhra Pradesh,Chittoor
Tamil Nadu,Kanchipuram
Karnataka,Bengaluru Urban
Telangana,Rangareddi
Maharashtra,Solapur
Tamil Nadu,Salem
Karnataka,Bengaluru Urban
Tamil Nadu,Kanchipuram
Chhattisgarh,Bilaspur
Tamil Nadu,Coimbatore
Andhra Pradesh,East Godavari
Tamil Nadu,Kanchipuram
Uttarakhand,Haridwar
Tamil Nadu,Virudhunagar
Maharashtra,Aurangabad
Telangana,Rangareddi
Tamil Nadu,Coimbatore
Odisha,Khordha
Telangana,Rangareddi
Karnataka,Bengaluru Urban
Gujarat,Jamnagar
Rajasthan,Jhunjhunu
Madhya Pradesh,Indore
Rajasthan,Alwar
Andhra Pradesh,Visakhapatanam
Tamil Nadu,Mayiladuthurai
Tamil Nadu,Kanchipuram
Tamil Nadu,CHENGALPATTU
Tamil Nadu,Thiruvallur
Assam,Kamrup
West Bengal,Medinipur West
Madhya Pradesh,Gwalior
Maharashtra,Mumbai Suburban
Tamil Nadu,Coimbatore
Maharashtra,Mumbai
Madhya Pradesh,Bhopal
Maharashtra,Thane
West Bengal,24 Paraganas South
Maharashtra,Mumbai
Bihar,Patna
Manipur,Senapati
Tamil Nadu,Kanchipuram
Tamil Nadu,CHENGALPATTU
Maharashtra,Sangli
Maharashtra,Pune
Telangana,MEDCHAL MALKAJGIRI
Maharashtra,Mumbai Suburban
Gujarat,Gandhinagar
Chhattisgarh,Raigarh
Tamil Nadu,Chennai
Maharashtra,Nashik
Madhya Pradesh,Bhopal
Tamil Nadu,Salem
Tamil Nadu,Dindigul
Uttar Pradesh,Agra
Punjab,Rupnagar
Maharashtra,Nashik
Maharashtra,Wardha
Maharashtra,Aurangabad
Maharashtra,Nagpur
Uttar Pradesh,Gautam Buddha Nagar
Tamil Nadu,Kanchipuram
Telangana,Hyderabad
Maharashtra,Mumbai Suburban
Madhya Pradesh,Gwalior
Maharashtra,Pune
Karnataka,Bengaluru Urban
Maharashtra,Aurangabad
Haryana,Gurugram
Punjab,Patiala
Maharashtra,Mumbai Suburban
Bihar,Bhagalpur
Tamil Nadu,Kanchipuram
Punjab,Patiala
Telangana,Rangareddi
Haryana,Sonipat
Uttar Pradesh,Lucknow
Punjab,S.A.S Nagar
West Bengal,24 Paraganas North
Uttar Pradesh,Amethi
Tamil Nadu,Kanchipuram
Delhi,South West
Maharashtra,Pune
Odisha,Khordha
Telangana,Rangareddi
Maharashtra,Pune
West Bengal,24 Paraganas North
Gujarat,Surat
Maharashtra,Wardha
Tamil Nadu,Coimbatore
Tamil Nadu,Kanchipuram
Tamil Nadu,Coimbatore
Chandigarh,Chandigarh
Maharashtra,Aurangabad
Punjab,Kapurthala
Uttarakhand,Haridwar
Delhi,West
Maharashtra,Pune
Assam,Jorhat
Maharashtra,Pune
Maharashtra,Mumbai Suburban
Karnataka,Bengaluru Urban
Maharashtra,Kolhapur
Maharashtra,Pune
Maharashtra,Mumbai Suburban
Punjab,Kapurthala
Tamil Nadu,CHENGALPATTU
Gujarat,Ahmadabad
Maharashtra,Pune
Maharashtra,Mumbai
Madhya Pradesh,Bhopal
Uttar Pradesh,Kanpur Nagar
Karnataka,Bengaluru Urban
Karnataka,Bengaluru Urban
Uttar Pradesh,Gautam Buddha Nagar
Maharashtra,Mumbai Suburban
Madhya Pradesh,Indore
Rajasthan,Kota
Maharashtra,Nagpur
Gujarat,Vadodara
West Bengal,24 Paraganas South
Tamil Nadu,Thiruvallur
Uttar Pradesh,Amethi
Delhi,West
Maharashtra,Pune
Uttar Pradesh,Mathura
Delhi,West
Telangana,Karimnagar
Maharashtra,Pune
Odisha,Ganjam
Uttar Pradesh,Ghaziabad
West Bengal,Nadia
Haryana,Yamunanagar
Maharashtra,Mumbai
Tamil Nadu,Kanchipuram
Karnataka,Dharwad
Maharashtra,Mumbai
Delhi,North West
Tamil Nadu,Kanchipuram
Maharashtra,Mumbai Suburban
Odisha,Khordha
Maharashtra,Pune
Madhya Pradesh,Jabalpur
Maharashtra,Pune
Madhya Pradesh,Sehore
West Bengal,24 Paraganas North
Uttar Pradesh,Varanasi
Maharashtra,Pune
Madhya Pradesh,Jabalpur
Delhi,West
Uttar Pradesh,Mathura
Tamil Nadu,Chennai
Maharashtra,Ahmednagar
Tamil Nadu,Kanchipuram
Tamil Nadu,Krishnagiri
Maharashtra,Kolhapur
Maharashtra,Pune
Tamil Nadu,Erode
Tamil Nadu,Coimbatore
Tamil Nadu,Krishnagiri
Maharashtra,Mumbai Suburban
Karnataka,Bengaluru Urban
Tamil Nadu,Tiruchirappalli
Maharashtra,Solapur
Uttar Pradesh,Ghaziabad
Andhra Pradesh,East Godavari
Maharashtra,Sangli
West Bengal,24 Paraganas North
Uttar Pradesh,Agra
Uttar Pradesh,Gautam Buddha Nagar
Maharashtra,Pune
Delhi,Central
Odisha,Khordha
Punjab,Patiala
Assam,Cachar
Maharashtra,Mumbai Suburban
Tamil Nadu,Erode
Karnataka,Bengaluru Urban
Telangana,Hyderabad
Karnataka,Bengaluru Urban
Maharashtra,Wardha
West Bengal,Jalpaiguri
Delhi,West
Maharashtra,Nagpur
Delhi,Central
Tamil Nadu,Erode
Maharashtra,Mumbai
Maharashtra,Mumbai
Telangana,Hyderabad
Madhya Pradesh,Indore
Chhattisgarh,Raigarh
Uttar Pradesh,Kanpur Nagar
Jharkhand,Ranchi
Rajasthan,Kota
Gujarat,Vadodara
Maharashtra,Pune
Bihar,Patna
Goa,South Goa
Chhattisgarh,Durg
Uttar Pradesh,Mathura
Tamil Nadu,Kanchipuram
Maharashtra,Mumbai Suburban
Uttar Pradesh,Gautam Buddha Nagar
Uttar Pradesh,Sonbhadra
Andhra Pradesh,Guntur
Maharashtra,Pune
Tamil Nadu,Thiruvallur
Delhi,West
Bihar,Buxar
Tamil Nadu,Kanchipuram
Uttar Pradesh,Amethi
Madhya Pradesh,Jabalpur
Tamil Nadu,Kanchipuram
West Bengal,Purba Bardhaman
Tamil Nadu,CHENGALPATTU
Karnataka,Bengaluru Urban
Karnataka,Belagavi
Maharashtra,Mumbai Suburban
West Bengal,24 Paraganas North
Tamil Nadu,Kanchipuram
Tamil Nadu,Kanchipuram
Uttar Pradesh,Gautam Buddha Nagar
Tamil Nadu,Chennai
Tamil Nadu,Coimbatore
Chhattisgarh,Raipur
Tamil Nadu,Kanchipuram
Rajasthan,Ajmer
Delhi,West
Jharkhand,Saraikela Kharsawan
Tamil Nadu,Erode
Tamil Nadu,Kanchipuram
Uttar Pradesh,Lucknow
Punjab,Patiala
Tamil Nadu,Erode
West Bengal,24 Paraganas North
West Bengal,24 Paraganas North
Gujarat,Anand
Tamil Nadu,Kanchipuram
Kerala,Kollam
Andhra Pradesh,Spsr Nellore
Maharashtra,Mumbai
Bihar,Madhubani
Maharashtra,Nagpur
West Bengal,Jalpaiguri
Uttarakhand,Pauri Garhwal
Maharashtra,Mumbai
Delhi,Central
Kerala,Kollam
Karnataka,Dakshin Kannad
West Bengal,24 Paraganas South
Karnataka,Bengaluru Urban
Tamil Nadu,Coimbatore
Gujarat,Gandhinagar
Maharashtra,Mumbai
Maharashtra,Mumbai Suburban
Maharashtra,Pune
Madhya Pradesh,Indore
West Bengal,Purba Bardhaman
Jharkhand,Ranchi
Maharashtra,Nashik
Maharashtra,Mumbai Suburban
Delhi,South
Maharashtra,Mumbai Suburban
Tamil Nadu,Kanchipuram
Maharashtra,Buldhana
Maharashtra,Mumbai Suburban
Maharashtra,Pune
Delhi,South East
Maharashtra,Mumbai
Maharashtra,Nagpur
Uttar Pradesh,Ghaziabad
Delhi,South
West Bengal,Medinipur West
Tamil Nadu,Tiruchirappalli
Jammu and Kashmir,Jammu
Tamil Nadu,Erode
Telangana,Hyderabad
Delhi,West
Maharashtra,Raigad
Uttar Pradesh,Moradabad
Odisha,Khordha
Telangana,Hyderabad
Haryana,Faridabad
Gujarat,Gandhinagar
Karnataka,Udupi
Karnataka,Bengaluru Rural
Maharashtra,Mumbai Suburban
Maharashtra,Mumbai
Tamil Nadu,Coimbatore
Telangana,Hyderabad
Uttar Pradesh,Amethi
Maharashtra,Pune
Delhi,West
Chhattisgarh,Durg
Maharashtra,Raigad
Tamil Nadu,Coimbatore
Tamil Nadu,Kanchipuram
Telangana,Hyderabad
Madhya Pradesh,Indore
Gujarat,Surat
Maharashtra,Pune
Karnataka,Bengaluru Urban
Maharashtra,Solapur
Uttar Pradesh,Gautam Buddha Nagar
Maharashtra,Mumbai Suburban
Tamil Nadu,Kanchipuram
Himachal Pradesh,Solan
Madhya Pradesh,Bhopal
Haryana,Gurugram
Maharashtra,Dhule
Tamil Nadu,Thanjavur
Karnataka,Mysuru
Maharashtra,Wardha
Andhra Pradesh,West Godavari
Tamil Nadu,Kanchipuram
Telangana,Hyderabad
Maharashtra,Nagpur
Maharashtra,Aurangabad
Telangana,Rangareddi
Maharashtra,Thane
Tamil Nadu,Kanchipuram
Andhra Pradesh,Chittoor
Maharashtra,Pune
Uttar Pradesh,Gautam Buddha Nagar
Rajasthan,Jaipur
Maharashtra,Mumbai Suburban
Chhattisgarh,Durg
Uttar Pradesh,Ghaziabad
Tamil Nadu,Thiruvallur
Uttar Pradesh,Barabanki
West Bengal,Kolkata
Maharashtra,Pune
Tamil Nadu,Coimbatore
Uttar Pradesh,Ghaziabad
West Bengal,24 Paraganas South
Rajasthan,Barmer
Uttar Pradesh,Agra
West Bengal,24 Paraganas North
Maharashtra,Solapur
Tamil Nadu,Kanchipuram
Uttar Pradesh,Ghaziabad
Gujarat,Ahmadabad
Maharashtra,Ahmednagar
Telangana,Rangareddi
Gujarat,Ahmadabad
Jharkhand,Saraikela Kharsawan
Maharashtra,Pune
Uttar Pradesh,Ghaziabad
Tamil Nadu,Coimbatore
Haryana,Gurugram
Maharashtra,Ahmednagar
Karnataka,Bengaluru Urban
Maharashtra,Pune
Punjab,Rupnagar
Tamil Nadu,Kanchipuram
Tamil Nadu,CHENGALPATTU
Maharashtra,Mumbai Suburban
Tamil Nadu,Kanchipuram
Chhattisgarh,Durg
Odisha,Gajapati
Delhi,North West
Andhra Pradesh,Kurnool
Maharashtra,Aurangabad
Karnataka,Bengaluru Urban
Maharashtra,Pune
Punjab,S.A.S Nagar
Tamil Nadu,Coimbatore
Chhattisgarh,Durg
Madhya Pradesh,Indore
Uttar Pradesh,Amethi
Chhattisgarh,Durg
Karnataka,Bengaluru Urban
Delhi,South East
Maharashtra,Mumbai Suburban
Bihar,Patna
Maharashtra,Pune
Delhi,North West
West Bengal,24 Paraganas South
Tamil Nadu,Kanchipuram
Tamil Nadu,Kanchipuram
Tamil Nadu,Erode
Karnataka,Bengaluru Urban
Tamil Nadu,Coimbatore
Tamil Nadu,Erode
Maharashtra,Mumbai
Maharashtra,Mumbai Suburban
Rajasthan,Jaipur
Maharashtra,Pune
Tamil Nadu,Kanchipuram
West Bengal,24 Paraganas North
Gujarat,Bhavnagar
Maharashtra,Pune
Jharkhand,Ranchi
Maharashtra,Pune
Chandigarh,Chandigarh
Madhya Pradesh,Bhopal
Tamil Nadu,Kanchipuram
Karnataka,Davangere
Madhya Pradesh,Bhopal
Delhi,North
Tamil Nadu,Madurai
Gujarat,Ahmadabad
Haryana,Gurugram
Tamil Nadu,Kanchipuram
Telangana,Hyderabad
Haryana,Gurugram
Uttar Pradesh,Lucknow
Andhra Pradesh,Visakhapatanam
Madhya Pradesh,Bhopal
Uttar Pradesh,Lucknow
Madhya Pradesh,Indore
Punjab,S.A.S Nagar
Maharashtra,Pune
Uttar Pradesh,Ghaziabad
Maharashtra,Mumbai Suburban
West Bengal,24 Paraganas North
Maharashtra,Sangli
Karnataka,Bengaluru Urban
Rajasthan,Udaipur
Punjab,Patiala
West Bengal,24 Paraganas North
Chhattisgarh,Bilaspur
Uttar Pradesh,Moradabad
Andhra Pradesh,Spsr Nellore
Tamil Nadu,Kanchipuram
Gujarat,Ahmadabad
Tamil Nadu,CHENGALPATTU
Uttar Pradesh,Gautam Buddha Nagar
Uttar Pradesh,Agra
Maharashtra,Mumbai Suburban
Maharashtra,Mumbai Suburban
Maharashtra,Jalgaon
Uttar Pradesh,Ghaziabad
West Bengal,24 Paraganas North
Tamil Nadu,Kanchipuram
Maharashtra,Pune
Tamil Nadu,Cuddalore
Maharashtra,Mumbai Suburban
Gujarat,Ahmadabad
Maharashtra,Pune
Tamil Nadu,Tiruchirappalli
West Bengal,Nadia
Tamil Nadu,Kanchipuram
Tamil Nadu,Coimbatore
Maharashtra,Mumbai
Maharashtra,Pune
Assam,Kamrup
Telangana,Hyderabad
Karnataka,Bengaluru Urban
West Bengal,24 Paraganas North
Gujarat,Rajkot
Madhya Pradesh,Jabalpur
Maharashtra,Pune
Andhra Pradesh,West Godavari
Uttar Pradesh,Gautam Buddha Nagar
Uttar Pradesh,Ghaziabad
Telangana,Hyderabad
Madhya Pradesh,Indore
Maharashtra,Pune
Tamil Nadu,Dindigul
Karnataka,Shivamogga
Gujarat,Gandhinagar
Tamil Nadu,Coimbatore
Delhi,South West
Jharkhand,Ranchi
Karnataka,Bengaluru Urban
Karnataka,Ramanagara
Madhya Pradesh,Jabalpur
Maharashtra,Jalgaon
Maharashtra,Mumbai
Madhya Pradesh,Bhopal
Karnataka,Bengaluru Rural
Telangana,HANUMAKONDA
Chandigarh,Chandigarh
Andhra Pradesh,Guntur
Tamil Nadu,Coimbatore
Puducherry,Pondicherry
Andhra Pradesh,West Godavari
Andhra Pradesh,Krishna
Andhra Pradesh,Visakhapatanam
Tamil Nadu,Thiruvallur
Maharashtra,Palghar
Maharashtra,Raigad
Gujarat,Anand
Tamil Nadu,Kanchipuram
Gujarat,Rajkot
Maharashtra,Pune
Karnataka,Udupi
West Bengal,Medinipur West
Delhi,West
Maharashtra,Mumbai
Rajasthan,Jaipur
Rajasthan,Jaipur
Karnataka,Bengaluru Urban
Maharashtra,Ahmednagar
Bihar,Bhagalpur
Odisha,Sundargarh
Maharashtra,Mumbai
Maharashtra,Pune
Delhi,North West
Maharashtra,Kolhapur
Maharashtra,Pune
Maharashtra,Pune
Telangana,Hyderabad
West Bengal,24 Paraganas North
Telangana,Hyderabad
Andhra Pradesh,Guntur
Uttar Pradesh,Ghaziabad
Maharashtra,Pune
Uttar Pradesh,Gautam Buddha Nagar
Tamil Nadu,Coimbatore
Chhattisgarh,Raipur
Jammu and Kashmir,Jammu
Madhya Pradesh,Jabalpur
Uttar Pradesh,Kanpur Nagar
Delhi,Central
Delhi,North West
Maharashtra,Pune
Odisha,Khordha
Maharashtra,Pune
Maharashtra,Nagpur
Maharashtra,Nagpur
Madhya Pradesh,Indore
Andhra Pradesh,Krishna
Tamil Nadu,Erode
Madhya Pradesh,Bhopal
Odisha,Sundargarh
Madhya Pradesh,Jabalpur
Telangana,Hyderabad
Uttar Pradesh,Varanasi
Maharashtra,Wardha
Sikkim,East District (Gangtok)
Maharashtra,Ahmednagar
Tamil Nadu,Mayiladuthurai
Gujarat,Anand
Jharkhand,Ranchi
West Bengal,24 Paraganas South
Maharashtra,Mumbai Suburban
Tamil Nadu,Virudhunagar
Tamil Nadu,Vellore
Maharashtra,Sangli
Maharashtra,Pune
Maharashtra,Ratnagiri
Karnataka,Bengaluru Urban
Tamil Nadu,CHENGALPATTU
Karnataka,Kalaburagi
Maharashtra,Solapur
Tamil Nadu,Chennai
Maharashtra,Raigad
Maharashtra,Pune
Tamil Nadu,Kanchipuram
Tamil Nadu,Cuddalore
Tamil Nadu,Thiruvallur
Odisha,Khordha
Jharkhand,Saraikela Kharsawan
Tamil Nadu,Virudhunagar
Tamil Nadu,Tiruchirappalli
Maharashtra,Pune
Rajasthan,Jodhpur
Telangana,Hyderabad
Odisha,Khordha
Tamil Nadu,Coimbatore
Tamil Nadu,Coimbatore
Maharashtra,Solapur
Punjab,Patiala
Andhra Pradesh,Vizianagaram
Madhya Pradesh,Indore
Telangana,Karimnagar
West Bengal,24 Paraganas South
Tamil Nadu,Kanchipuram
Tamil Nadu,Thiruvallur
Maharashtra,Mumbai Suburban
Tamil Nadu,Kanchipuram
Chhattisgarh,Raipur
Andhra Pradesh,Guntur
Odisha,Khordha
Uttar Pradesh,Agra
Bihar,Purbi Champaran
Maharashtra,Pune
Madhya Pradesh,Jabalpur
Andhra Pradesh,Guntur
Tamil Nadu,Kanchipuram
Delhi,North West
Tamil Nadu,Thiruvallur
Telangana,Hyderabad
Tamil Nadu,Kanchipuram
Tamil Nadu,Kanchipuram
Uttar Pradesh,Gautam Buddha Nagar
Maharashtra,Pune
Telangana,Warangal Rural
Telangana,Hyderabad
Uttar Pradesh,Mathura
Uttar Pradesh,Mathura
Tamil Nadu,Coimbatore
Tamil Nadu,Coimbatore
West Bengal,Purulia
Maharashtra,Mumbai Suburban
Uttar Pradesh,Gorakhpur
Maharashtra,Mumbai
Karnataka,Bengaluru Urban
Chandigarh,Chandigarh
Maharashtra,Satara
Maharashtra,Pune
Tamil Nadu,Thiruvallur
Andhra Pradesh,Guntur
Tamil Nadu,Coimbatore
Maharashtra,Mumbai
Maharashtra,Pune
Gujarat,Gandhinagar
Madhya Pradesh,Vidisha
Tamil Nadu,Coimbatore
Tamil Nadu,Coimbatore
Chhattisgarh,Bilaspur
Maharashtra,Pune
Tamil Nadu,Tiruchirappalli
Tamil Nadu,Kanchipuram
Telangana,Hyderabad
Tamil Nadu,Tiruchirappalli
Madhya Pradesh,Indore
Kerala,Kottayam
Maharashtra,Pune
Chandigarh,Chandigarh
Tamil Nadu,CHENGALPATTU
Madhya Pradesh,Bhopal
Maharashtra,Raigad
Tamil Nadu,Erode
Uttar Pradesh,Amethi
